id_musica;generos;musica;media_pontos;media_pts_ganho;total_pts_calc;electro;electronic;pop;alternative metal;alternative rock;heavy metal;pop rock;post-grunge;rock;southern rock;arena rock;funk;grunge;hard rock;house;soft rock;symphonic rock;reggae;dance;dance-pop;disco;euro-disco;europop;synth-pop;ballad;christmas music;schlager;acid jazz;blues;blues rock;classic rock;metal;rock and roll;power metal;thrash metal;soul;progressive rock;classic country;contemporary country;country;neo-traditional country;singer-songwriter;alternative r&b;folk pop;gospel;pop soul;stomp and holler;alternative dance;dance-rock;euro house;new romantic;new wave;post-punk;sophisti-pop;brill building;club;contemporary jazz;contemporary r&b;jazz;jazz pop;motown;neo soul;r&b;soul jazz;vocal jazz;power pop;afrobeat;indie pop;indie rock;bubblegum dance;bubblegum pop;eurodance;trance;tribal house;new jack swing;aor;dancehall;festival progressive house;progressive house;pop rap;trap;k-pop;alternative pop;boom bap
01a02706-e024-7485-80f6-935a3c2770ff;electro|electronic|pop;36Grad;1648.2857142857142;44.42857142857143;0.476;1;1;1;0;0;0;0;0;0;0;0;0;0;0;0;0;0;0;0;0;0;0;0;0;0;0;0;0;0;0;0;0;0;0;0;0;0;0;0;0;0;0;0;0;0;0;0;0;0;0;0;0;0;0;0;0;0;0;0;0;0;0;0;0;0;0;0;0;0;0;0;0;0;0;0;0;0;0;0;0;0;0;0;0
01a02706-e024-7485-80f6-935c776327ac;alternative metal|alternative rock|heavy metal|pop rock|post-grunge|rock|southern rock;Be Like That;1469.0;613.5;0.005;0;0;0;1;1;1;1;1;1;1;0;0;0;0;0;0;0;0;0;0;0;0;0;0;0;0;0;0;0;0;0;0;0;0;0;0;0;0;0;0;0;0;0;0;0;0;0;0;0;0;0;0;0;0;0;0;0;0;0;0;0;0;0;0;0;0;0;0;0;0;0;0;0;0;0;0;0;0;0;0;0;0;0;0
01a02706-e024-7485-80f6-935d5d4a5e5e;alternative metal|alternative rock|arena rock|funk|grunge|hard rock|heavy metal|house|pop|pop rock|post-grunge|rock|soft rock|southern rock|symphonic rock;Here Without You;5069.066666666667;87.66666666666667;6.322;0;0;1;1;1;1;1;1;1;1;1;1;1;1;1;1;1;0;0;0;0;0;0;0;0;0;0;0;0;0;0;0;0;0;0;0;0;0;0;0;0;0;0;0;0;0;0;0;0;0;0;0;0;0;0;0;0;0;0;0;0;0;0;0;0;0;0;0;0;0;0;0;0;0;0;0;0;0;0;0;0;0;0;0
01a02706-e024-7485-80f6-935e17059cc1;alternative rock|rock;It's Not My Time;2537.3333333333335;191.66666666666663;0.254;0;0;0;0;1;0;0;0;1;0;0;0;0;0;0;0;0;0;0;0;0;0;0;0;0;0;0;0;0;0;0;0;0;0;0;0;0;0;0;0;0;0;0;0;0;0;0;0;0;0;0;0;0;0;0;0;0;0;0;0;0;0;0;0;0;0;0;0;0;0;0;0;0;0;0;0;0;0;0;0;0;0;0;0
01a02706-e024-7485-80f6-935fd9c527ce;alternative metal|alternative rock|arena rock|hard rock|heavy metal|pop|pop rock|post-grunge|rock|southern rock;Kryptonite;3768.9166666666665;99.0;3.774;0;0;1;1;1;1;1;1;1;1;1;0;0;1;0;0;0;0;0;0;0;0;0;0;0;0;0;0;0;0;0;0;0;0;0;0;0;0;0;0;0;0;0;0;0;0;0;0;0;0;0;0;0;0;0;0;0;0;0;0;0;0;0;0;0;0;0;0;0;0;0;0;0;0;0;0;0;0;0;0;0;0;0;0
01a02706-e024-7485-80f6-9360b7fefe5a;alternative rock|hard rock|pop|pop rock|post-grunge|rock;Let Me Go;1271.0;571.5;0.004;0;0;1;0;1;0;1;1;1;0;0;0;0;1;0;0;0;0;0;0;0;0;0;0;0;0;0;0;0;0;0;0;0;0;0;0;0;0;0;0;0;0;0;0;0;0;0;0;0;0;0;0;0;0;0;0;0;0;0;0;0;0;0;0;0;0;0;0;0;0;0;0;0;0;0;0;0;0;0;0;0;0;0;0
01a02706-e024-7485-80f6-93610290ee65;alternative metal|alternative rock|hard rock|heavy metal|pop rock|post-grunge|reggae|rock|southern rock;Loser;4668.0952380952385;245.8095238095238;1.405;0;0;0;1;1;1;1;1;1;1;0;0;0;1;0;0;0;1;0;0;0;0;0;0;0;0;0;0;0;0;0;0;0;0;0;0;0;0;0;0;0;0;0;0;0;0;0;0;0;0;0;0;0;0;0;0;0;0;0;0;0;0;0;0;0;0;0;0;0;0;0;0;0;0;0;0;0;0;0;0;0;0;0;0
01a02706-e024-7485-80f6-936284400805;alternative rock|pop|rock;When I'm Gone;2586.7;118.9;0.311;0;0;1;0;1;0;0;0;1;0;0;0;0;0;0;0;0;0;0;0;0;0;0;0;0;0;0;0;0;0;0;0;0;0;0;0;0;0;0;0;0;0;0;0;0;0;0;0;0;0;0;0;0;0;0;0;0;0;0;0;0;0;0;0;0;0;0;0;0;0;0;0;0;0;0;0;0;0;0;0;0;0;0;0
01a02706-e024-7485-80f6-93755cd0da4c;dance|dance-pop|disco|electronic|euro-disco|europop|house|pop|pop rock|rock|soft rock|synth-pop;Dancing Queen;1471.8;515.3142857142857;37.729;0;1;1;0;0;0;1;0;1;0;0;0;0;0;1;1;0;0;1;1;1;1;1;1;0;0;0;0;0;0;0;0;0;0;0;0;0;0;0;0;0;0;0;0;0;0;0;0;0;0;0;0;0;0;0;0;0;0;0;0;0;0;0;0;0;0;0;0;0;0;0;0;0;0;0;0;0;0;0;0;0;0;0;0
01a02706-e024-7485-80f6-937662d33384;dance|dance-pop|disco|electronic|euro-disco|europop|pop|pop rock|soft rock|synth-pop;Fernando;1054.0;0.0;0.059;0;1;1;0;0;0;1;0;0;0;0;0;0;0;0;1;0;0;1;1;1;1;1;1;0;0;0;0;0;0;0;0;0;0;0;0;0;0;0;0;0;0;0;0;0;0;0;0;0;0;0;0;0;0;0;0;0;0;0;0;0;0;0;0;0;0;0;0;0;0;0;0;0;0;0;0;0;0;0;0;0;0;0;0
01a02706-e024-7485-80f6-9378c69f5586;ballad|christmas music|dance-pop|disco|europop|pop|schlager;Happy New Year;6980.0;-1775.6;3.529;0;0;1;0;0;0;0;0;0;0;0;0;0;0;0;0;0;0;0;1;1;0;1;0;1;1;1;0;0;0;0;0;0;0;0;0;0;0;0;0;0;0;0;0;0;0;0;0;0;0;0;0;0;0;0;0;0;0;0;0;0;0;0;0;0;0;0;0;0;0;0;0;0;0;0;0;0;0;0;0;0;0;0;0
01a02706-e024-7485-80f6-9379c9b8b6e0;acid jazz|ballad|dance|dance-pop|disco|euro-disco|europop|pop|pop rock|soft rock;The Winner Takes It All;1004.0;816.0;0.179;0;0;1;0;0;0;1;0;0;0;0;0;0;0;0;1;0;0;1;1;1;1;1;0;1;0;0;1;0;0;0;0;0;0;0;0;0;0;0;0;0;0;0;0;0;0;0;0;0;0;0;0;0;0;0;0;0;0;0;0;0;0;0;0;0;0;0;0;0;0;0;0;0;0;0;0;0;0;0;0;0;0;0;0
01a02706-e024-7485-80f6-937a74494885;hard rock;Back In Black;1183.142857142857;675.5714285714286;7.503;0;0;0;0;0;0;0;0;0;0;0;0;0;1;0;0;0;0;0;0;0;0;0;0;0;0;0;0;0;0;0;0;0;0;0;0;0;0;0;0;0;0;0;0;0;0;0;0;0;0;0;0;0;0;0;0;0;0;0;0;0;0;0;0;0;0;0;0;0;0;0;0;0;0;0;0;0;0;0;0;0;0;0;0
01a02706-e024-7485-80f6-937b0e1f6c82;arena rock|blues|blues rock|classic rock|hard rock|heavy metal|metal|pop|pop rock|rock|rock and roll;Highway to Hell;1165.8333333333333;582.5833333333334;23.16;0;0;1;0;0;1;1;0;1;0;1;0;0;1;0;0;0;0;0;0;0;0;0;0;0;0;0;0;1;1;1;1;1;0;0;0;0;0;0;0;0;0;0;0;0;0;0;0;0;0;0;0;0;0;0;0;0;0;0;0;0;0;0;0;0;0;0;0;0;0;0;0;0;0;0;0;0;0;0;0;0;0;0;0
01a02706-e024-7485-80f6-93b9787d3276;hard rock|heavy metal|metal|power metal|rock|thrash metal;Balls to the Wall;1449.5;471.0;0.005;0;0;0;0;0;1;0;0;1;0;0;0;0;1;0;0;0;0;0;0;0;0;0;0;0;0;0;0;0;0;0;1;0;1;1;0;0;0;0;0;0;0;0;0;0;0;0;0;0;0;0;0;0;0;0;0;0;0;0;0;0;0;0;0;0;0;0;0;0;0;0;0;0;0;0;0;0;0;0;0;0;0;0;0
01a02706-e024-7485-80f6-93badcc56203;hard rock|heavy metal|metal|power metal|rock;Save Us;2659.0;793.0;0.009;0;0;0;0;0;1;0;0;1;0;0;0;0;1;0;0;0;0;0;0;0;0;0;0;0;0;0;0;0;0;0;1;0;1;0;0;0;0;0;0;0;0;0;0;0;0;0;0;0;0;0;0;0;0;0;0;0;0;0;0;0;0;0;0;0;0;0;0;0;0;0;0;0;0;0;0;0;0;0;0;0;0;0;0
01a02706-e024-7485-80f6-93c6b8b97436;soul;Send My Love;1237.0;909.0;2.361;0;0;0;0;0;0;0;0;0;0;0;0;0;0;0;0;0;0;0;0;0;0;0;0;0;0;0;0;0;0;0;0;0;0;0;1;0;0;0;0;0;0;0;0;0;0;0;0;0;0;0;0;0;0;0;0;0;0;0;0;0;0;0;0;0;0;0;0;0;0;0;0;0;0;0;0;0;0;0;0;0;0;0;0
01a02706-e024-7485-80f6-93d3efcfc089;arena rock|blues|blues rock|classic rock|hard rock|heavy metal|pop|progressive rock|rock|soft rock|southern rock;Dream On;1109.5;502.0;0.9;0;0;1;0;0;1;0;0;1;1;1;0;0;1;0;1;0;0;0;0;0;0;0;0;0;0;0;0;1;1;1;0;0;0;0;0;1;0;0;0;0;0;0;0;0;0;0;0;0;0;0;0;0;0;0;0;0;0;0;0;0;0;0;0;0;0;0;0;0;0;0;0;0;0;0;0;0;0;0;0;0;0;0;0
01a02706-e024-7485-80f6-93f04860a37d;classic country|contemporary country|country|neo-traditional country;Remember When;2126.0;181.16666666666663;0.542;0;0;0;0;0;0;0;0;0;0;0;0;0;0;0;0;0;0;0;0;0;0;0;0;0;0;0;0;0;0;0;0;0;0;0;0;0;1;1;1;1;0;0;0;0;0;0;0;0;0;0;0;0;0;0;0;0;0;0;0;0;0;0;0;0;0;0;0;0;0;0;0;0;0;0;0;0;0;0;0;0;0;0;0
01a02706-e024-7485-80f6-93f42ac8dc9c;alternative rock|pop|pop rock|rock|singer-songwriter;Uninvited;1618.75;263.0;0.204;0;0;1;0;1;0;1;0;1;0;0;0;0;0;0;0;0;0;0;0;0;0;0;0;0;0;0;0;0;0;0;0;0;0;0;0;0;0;0;0;0;1;0;0;0;0;0;0;0;0;0;0;0;0;0;0;0;0;0;0;0;0;0;0;0;0;0;0;0;0;0;0;0;0;0;0;0;0;0;0;0;0;0;0
01a02706-e024-7485-80f6-93fbce2167d1;alternative r&b|pop;Scars to Your Beautiful;2984.5;1344.0;2.527;0;0;1;0;0;0;0;0;0;0;0;0;0;0;0;0;0;0;0;0;0;0;0;0;0;0;0;0;0;0;0;0;0;0;0;0;0;0;0;0;0;0;1;0;0;0;0;0;0;0;0;0;0;0;0;0;0;0;0;0;0;0;0;0;0;0;0;0;0;0;0;0;0;0;0;0;0;0;0;0;0;0;0;0
01a02706-e024-7485-80f6-9401ce722749;pop;Carry You Home;1253.4375;290.9375;16.858999999999998;0;0;1;0;0;0;0;0;0;0;0;0;0;0;0;0;0;0;0;0;0;0;0;0;0;0;0;0;0;0;0;0;0;0;0;0;0;0;0;0;0;0;0;0;0;0;0;0;0;0;0;0;0;0;0;0;0;0;0;0;0;0;0;0;0;0;0;0;0;0;0;0;0;0;0;0;0;0;0;0;0;0;0;0
01a02706-e024-7485-80f6-940201e7789e;pop;Eternity;1818.5555555555557;171.75;6.752;0;0;1;0;0;0;0;0;0;0;0;0;0;0;0;0;0;0;0;0;0;0;0;0;0;0;0;0;0;0;0;0;0;0;0;0;0;0;0;0;0;0;0;0;0;0;0;0;0;0;0;0;0;0;0;0;0;0;0;0;0;0;0;0;0;0;0;0;0;0;0;0;0;0;0;0;0;0;0;0;0;0;0;0
01a02706-e024-7485-80f6-94039db25a4e;pop;FEVER DREAM;7551.395833333333;51.09722222222222;106.609;0;0;1;0;0;0;0;0;0;0;0;0;0;0;0;0;0;0;0;0;0;0;0;0;0;0;0;0;0;0;0;0;0;0;0;0;0;0;0;0;0;0;0;0;0;0;0;0;0;0;0;0;0;0;0;0;0;0;0;0;0;0;0;0;0;0;0;0;0;0;0;0;0;0;0;0;0;0;0;0;0;0;0;0
01a02706-e024-7485-80f6-940543d486f2;ballad|folk pop|gospel|pop|pop rock|pop soul|stomp and holler;Ordinary;8611.73631840796;-40.22885572139303;1073.41;0;0;1;0;0;0;1;0;0;0;0;0;0;0;0;0;0;0;0;0;0;0;0;0;1;0;0;0;0;0;0;0;0;0;0;0;0;0;0;0;0;0;0;1;1;1;1;0;0;0;0;0;0;0;0;0;0;0;0;0;0;0;0;0;0;0;0;0;0;0;0;0;0;0;0;0;0;0;0;0;0;0;0;0
01a02706-e024-7485-80f6-9411b81c3887;pop;Baby Goodbye;1155.111111111111;411.77777777777777;0.252;0;0;1;0;0;0;0;0;0;0;0;0;0;0;0;0;0;0;0;0;0;0;0;0;0;0;0;0;0;0;0;0;0;0;0;0;0;0;0;0;0;0;0;0;0;0;0;0;0;0;0;0;0;0;0;0;0;0;0;0;0;0;0;0;0;0;0;0;0;0;0;0;0;0;0;0;0;0;0;0;0;0;0;0
01a02706-e024-7485-80f6-941babf1efea;alternative dance|alternative rock|ballad|dance-pop|dance-rock|disco|electronic|euro house|new romantic|new wave|pop|pop rock|post-punk|rock|sophisti-pop|synth-pop;Forever Young;1580.2978723404256;114.55319148936172;116.937;0;1;1;0;1;0;1;0;1;0;0;0;0;0;0;0;0;0;0;1;1;0;0;1;1;0;0;0;0;0;0;0;0;0;0;0;0;0;0;0;0;0;0;0;0;0;0;1;1;1;1;1;1;1;0;0;0;0;0;0;0;0;0;0;0;0;0;0;0;0;0;0;0;0;0;0;0;0;0;0;0;0;0;0
01a02706-e024-7485-80f6-941c76870791;alternative metal|rock;Scales Are Falling;6115.75;542.5;0.063;0;0;0;1;0;0;0;0;1;0;0;0;0;0;0;0;0;0;0;0;0;0;0;0;0;0;0;0;0;0;0;0;0;0;0;0;0;0;0;0;0;0;0;0;0;0;0;0;0;0;0;0;0;0;0;0;0;0;0;0;0;0;0;0;0;0;0;0;0;0;0;0;0;0;0;0;0;0;0;0;0;0;0;0
01a02706-e024-7485-80f6-942873996ad9;blues|brill building|club|contemporary jazz|contemporary r&b|dance|funk|house|jazz|jazz pop|motown|neo soul|pop|pop soul|r&b|soul|soul jazz|vocal jazz;Back to Black;1020.0;201.0;1.043;0;0;1;0;0;0;0;0;0;0;0;1;0;0;1;0;0;0;1;0;0;0;0;0;0;0;0;0;1;0;0;0;0;0;0;1;0;0;0;0;0;0;0;0;0;1;0;0;0;0;0;0;0;0;1;1;1;1;1;1;1;1;1;1;1;0;0;0;0;0;0;0;0;0;0;0;0;0;0;0;0;0;0;0
01a02706-e024-7485-80f6-942a9a4ff55e;power pop;I'm Outta Love;1104.0;1086.0;0.056;0;0;0;0;0;0;0;0;0;0;0;0;0;0;0;0;0;0;0;0;0;0;0;0;0;0;0;0;0;0;0;0;0;0;0;0;0;0;0;0;0;0;0;0;0;0;0;0;0;0;0;0;0;0;0;0;0;0;0;0;0;0;0;0;0;1;0;0;0;0;0;0;0;0;0;0;0;0;0;0;0;0;0;0
01a02706-e024-7485-80f6-94345a3b65b3;europop|pop;Auf uns;1161.75;640.25;4.356;0;0;1;0;0;0;0;0;0;0;0;0;0;0;0;0;0;0;0;0;0;0;1;0;0;0;0;0;0;0;0;0;0;0;0;0;0;0;0;0;0;0;0;0;0;0;0;0;0;0;0;0;0;0;0;0;0;0;0;0;0;0;0;0;0;0;0;0;0;0;0;0;0;0;0;0;0;0;0;0;0;0;0;0
01a02706-e024-7485-80f6-944201ea0a32;afrobeat|electronic;Malaïka;1699.0;530.3333333333334;0.022;0;1;0;0;0;0;0;0;0;0;0;0;0;0;0;0;0;0;0;0;0;0;0;0;0;0;0;0;0;0;0;0;0;0;0;0;0;0;0;0;0;0;0;0;0;0;0;0;0;0;0;0;0;0;0;0;0;0;0;0;0;0;0;0;0;0;1;0;0;0;0;0;0;0;0;0;0;0;0;0;0;0;0;0
01a02706-e024-7485-80f6-944a75046939;club|dance|disco|funk|pop|r&b|rock|soul;Ring My Bell;3984.5757575757575;111.3939393939394;3.27;0;0;1;0;0;0;0;0;1;0;0;1;0;0;0;0;0;0;1;0;1;0;0;0;0;0;0;0;0;0;0;0;0;0;0;1;0;0;0;0;0;0;0;0;0;0;0;0;0;0;0;0;0;0;0;1;0;0;0;0;0;0;1;0;0;0;0;0;0;0;0;0;0;0;0;0;0;0;0;0;0;0;0;0
01a02706-e024-7485-80f6-94541444d258;indie pop|indie rock|pop|rock;Oft gefragt;1104.0;1104.0;0.093;0;0;1;0;0;0;0;0;1;0;0;0;0;0;0;0;0;0;0;0;0;0;0;0;0;0;0;0;0;0;0;0;0;0;0;0;0;0;0;0;0;0;0;0;0;0;0;0;0;0;0;0;0;0;0;0;0;0;0;0;0;0;0;0;0;0;0;1;1;0;0;0;0;0;0;0;0;0;0;0;0;0;0;0
01a02706-e024-7485-80f6-945be175dd02;dance-pop;JALLA;1106.0;720.0;0.002;0;0;0;0;0;0;0;0;0;0;0;0;0;0;0;0;0;0;0;1;0;0;0;0;0;0;0;0;0;0;0;0;0;0;0;0;0;0;0;0;0;0;0;0;0;0;0;0;0;0;0;0;0;0;0;0;0;0;0;0;0;0;0;0;0;0;0;0;0;0;0;0;0;0;0;0;0;0;0;0;0;0;0;0
01a02706-e024-7485-80f6-9467698ac356;bubblegum dance|bubblegum pop|club|dance|dance-pop|electronic|eurodance|euro house|europop|house|jazz|pop|trance|tribal house;Barbie Girl;1195.0;511.0;0.444;0;1;1;0;0;0;0;0;0;0;0;0;0;0;1;0;0;0;1;1;0;0;1;0;0;0;0;0;0;0;0;0;0;0;0;0;0;0;0;0;0;0;0;0;0;0;0;0;0;1;0;0;0;0;0;1;0;0;1;0;0;0;0;0;0;0;0;0;0;1;1;1;1;1;0;0;0;0;0;0;0;0;0;0
01a02706-e024-7485-80f6-946bc14d9ce6;electronic|new romantic|new wave|pop|rock|synth-pop;Election Day;1265.0;1265.0;0.001;0;1;1;0;0;0;0;0;1;0;0;0;0;0;0;0;0;0;0;0;0;0;0;1;0;0;0;0;0;0;0;0;0;0;0;0;0;0;0;0;0;0;0;0;0;0;0;0;0;0;1;1;0;0;0;0;0;0;0;0;0;0;0;0;0;0;0;0;0;0;0;0;0;0;0;0;0;0;0;0;0;0;0;0
01a02706-e024-7485-80f6-9471c1a7f490;pop;Opening Night;2541.5454545454545;115.36363636363636;0.458;0;0;1;0;0;0;0;0;0;0;0;0;0;0;0;0;0;0;0;0;0;0;0;0;0;0;0;0;0;0;0;0;0;0;0;0;0;0;0;0;0;0;0;0;0;0;0;0;0;0;0;0;0;0;0;0;0;0;0;0;0;0;0;0;0;0;0;0;0;0;0;0;0;0;0;0;0;0;0;0;0;0;0;0
01a02706-e024-7485-80f6-947637e23f0d;pop;hate that i made you love me;10117.753086419752;-156.5185185185185;41.876;0;0;1;0;0;0;0;0;0;0;0;0;0;0;0;0;0;0;0;0;0;0;0;0;0;0;0;0;0;0;0;0;0;0;0;0;0;0;0;0;0;0;0;0;0;0;0;0;0;0;0;0;0;0;0;0;0;0;0;0;0;0;0;0;0;0;0;0;0;0;0;0;0;0;0;0;0;0;0;0;0;0;0;0
01a02706-e024-7485-80f6-9479a46ef6de;ballad|new jack swing;never get over me;2930.0;2930.0;0.003;0;0;0;0;0;0;0;0;0;0;0;0;0;0;0;0;0;0;0;0;0;0;0;0;1;0;0;0;0;0;0;0;0;0;0;0;0;0;0;0;0;0;0;0;0;0;0;0;0;0;0;0;0;0;0;0;0;0;0;0;0;0;0;0;0;0;0;0;0;0;0;0;0;0;1;0;0;0;0;0;0;0;0;0
01a02706-e024-7485-80f6-947c577b5ad5;new jack swing;petal;5649.4;94.15;1.539;0;0;0;0;0;0;0;0;0;0;0;0;0;0;0;0;0;0;0;0;0;0;0;0;0;0;0;0;0;0;0;0;0;0;0;0;0;0;0;0;0;0;0;0;0;0;0;0;0;0;0;0;0;0;0;0;0;0;0;0;0;0;0;0;0;0;0;0;0;0;0;0;0;0;1;0;0;0;0;0;0;0;0;0
01a02706-e024-7485-80f6-948bdb006b36;aor|arena rock|classic rock|pop|pop rock|progressive rock|rock;Heat of the Moment;2327.0;292.0;0.192;0;0;1;0;0;0;1;0;1;0;1;0;0;0;0;0;0;0;0;0;0;0;0;0;0;0;0;0;0;0;1;0;0;0;0;0;1;0;0;0;0;0;0;0;0;0;0;0;0;0;0;0;0;0;0;0;0;0;0;0;0;0;0;0;0;0;0;0;0;0;0;0;0;0;0;1;0;0;0;0;0;0;0;0
01a02706-e024-7485-80f6-94986b1d0f31;dance|dancehall|dance-pop|electronic|festival progressive house|house|pop|progressive house|trance;The Nights;1226.0;400.0;2.453;0;1;1;0;0;0;0;0;0;0;0;0;0;0;1;0;0;0;1;1;0;0;0;0;0;0;0;0;0;0;0;0;0;0;0;0;0;0;0;0;0;0;0;0;0;0;0;0;0;0;0;0;0;0;0;0;0;0;0;0;0;0;0;0;0;0;0;0;0;0;0;0;1;0;0;0;1;1;1;0;0;0;0;0
01a02706-e024-7485-80f6-94ce164f2db6;pop rap|trap;2.0;4662.035087719299;79.24561403508773;11.083;0;0;0;0;0;0;0;0;0;0;0;0;0;0;0;0;0;0;0;0;0;0;0;0;0;0;0;0;0;0;0;0;0;0;0;0;0;0;0;0;0;0;0;0;0;0;0;0;0;0;0;0;0;0;0;0;0;0;0;0;0;0;0;0;0;0;0;0;0;0;0;0;0;0;0;0;0;0;0;1;1;0;0;0
01a02706-e024-7485-80f6-94cf7ab2a7a2;k-pop|pop rap|trap;Aliens;9487.5;274.04545454545456;2.369;0;0;0;0;0;0;0;0;0;0;0;0;0;0;0;0;0;0;0;0;0;0;0;0;0;0;0;0;0;0;0;0;0;0;0;0;0;0;0;0;0;0;0;0;0;0;0;0;0;0;0;0;0;0;0;0;0;0;0;0;0;0;0;0;0;0;0;0;0;0;0;0;0;0;0;0;0;0;0;1;1;1;0;0
01a02706-e024-7485-80f6-94d098abcb80;alternative pop|boom bap|k-pop|pop rap;Body to Body;4793.942028985507;122.6376811594203;18.89;0;0;0;0;0;0;0;0;0;0;0;0;0;0;0;0;0;0;0;0;0;0;0;0;0;0;0;0;0;0;0;0;0;0;0;0;0;0;0;0;0;0;0;0;0;0;0;0;0;0;0;0;0;0;0;0;0;0;0;0;0;0;0;0;0;0;0;0;0;0;0;0;0;0;0;0;0;0;0;1;0;1;1;1
01a02706-e024-7485-80f6-94d123beb688;k-pop|pop;Butter;1006.0;881.0;1.877;0;0;1;0;0;0;0;0;0;0;0;0;0;0;0;0;0;0;0;0;0;0;0;0;0;0;0;0;0;0;0;0;0;0;0;0;0;0;0;0;0;0;0;0;0;0;0;0;0;0;0;0;0;0;0;0;0;0;0;0;0;0;0;0;0;0;0;0;0;0;0;0;0;0;0;0;0;0;0;0;0;1;0;0
